iter	Logloss
0	0.4303258224
1	0.3785701159
2	0.3525777754
3	0.3497395194
4	0.348055468
5	0.3461121966
6	0.345462638
7	0.3445510788
8	0.3438743227
9	0.3433975534
